-- Idempotent local/demo menu enrichment.
-- Safe to run against an existing development database; seed.sql also
-- contains these rows for fresh resets.

insert into categories (id, name, sort_order) values
  ('11111111-1111-1111-1111-000000000005', 'Combos', 30),
  ('11111111-1111-1111-1111-000000000006', 'Burgers', 40),
  ('11111111-1111-1111-1111-000000000007', 'Sides', 50)
on conflict (id) do update set name = excluded.name, sort_order = excluded.sort_order;

update categories set sort_order = case id
  when '11111111-1111-1111-1111-000000000003' then 60
  when '11111111-1111-1111-1111-000000000004' then 70
  else sort_order
end
where id in (
  '11111111-1111-1111-1111-000000000003',
  '11111111-1111-1111-1111-000000000004'
);

insert into ingredients (id, name, unit, stock_qty, low_stock_threshold, auto_disable) values
  ('22222222-2222-2222-2222-00000000000d', 'Burger Bun', 'pc', 500, 50, true),
  ('22222222-2222-2222-2222-00000000000e', 'Cheese Slice', 'pc', 500, 50, true),
  ('22222222-2222-2222-2222-00000000000f', 'Potato Fries', 'g', 10000, 800, true),
  ('22222222-2222-2222-2222-000000000010', 'Cola Syrup', 'ml', 5000, 500, true),
  ('22222222-2222-2222-2222-000000000011', 'Ice Cream Mix', 'ml', 5000, 500, true),
  ('22222222-2222-2222-2222-000000000012', 'Lettuce', 'g', 2000, 200, false),
  ('22222222-2222-2222-2222-000000000013', 'Pickles', 'g', 1500, 150, false),
  ('22222222-2222-2222-2222-000000000014', 'Strawberry Pulp', 'ml', 2000, 200, true)
on conflict (id) do update set
  name = excluded.name,
  unit = excluded.unit,
  stock_qty = greatest(ingredients.stock_qty, excluded.stock_qty),
  low_stock_threshold = excluded.low_stock_threshold,
  auto_disable = excluded.auto_disable;

insert into menu_items (id, name, description, price, category_id, photo_url, available, sort_order) values
  ('33333333-3333-3333-3333-00000000000b', 'Signature Chicken Combo', 'Crispy chicken burger, fries, bites, and a drink', 507.00, '11111111-1111-1111-1111-000000000005', 'https://images.unsplash.com/photo-1606755962773-d324e0a13086?auto=format&fit=crop&w=900&q=80', true, 10),
  ('33333333-3333-3333-3333-00000000000c', 'Family Feast Combo', 'Burgers, strips, nuggets, fries, and drinks for sharing', 959.00, '11111111-1111-1111-1111-000000000005', 'https://images.unsplash.com/photo-1568901346375-23c9450c58cd?auto=format&fit=crop&w=900&q=80', true, 20),
  ('33333333-3333-3333-3333-00000000000d', 'Strips & Fries Box', 'Chicken strips with golden fries and dip', 387.00, '11111111-1111-1111-1111-000000000005', 'https://images.unsplash.com/photo-1562967915-92ae0c320a01?auto=format&fit=crop&w=900&q=80', true, 30),
  ('33333333-3333-3333-3333-00000000000e', 'Spicy Chef Burger', 'Crispy chicken, spicy mayo, lettuce, pickles, toasted bun', 204.00, '11111111-1111-1111-1111-000000000006', 'https://images.unsplash.com/photo-1568901346375-23c9450c58cd?auto=format&fit=crop&w=900&q=80', true, 10),
  ('33333333-3333-3333-3333-00000000000f', 'Classic Cheese Burger', 'Chicken patty, cheese, lettuce, house sauce', 229.00, '11111111-1111-1111-1111-000000000006', 'https://images.unsplash.com/photo-1550547660-d9450f859349?auto=format&fit=crop&w=900&q=80', true, 20),
  ('33333333-3333-3333-3333-000000000010', 'Veg Crunch Burger', 'Crispy veg patty, cheese, lettuce, and tangy sauce', 179.00, '11111111-1111-1111-1111-000000000006', 'https://images.unsplash.com/photo-1586190848861-99aa4a171e90?auto=format&fit=crop&w=900&q=80', true, 30),
  ('33333333-3333-3333-3333-000000000011', 'Crispy Strips Bucket', 'Juicy chicken strips with two dips', 349.00, '11111111-1111-1111-1111-000000000007', 'https://images.unsplash.com/photo-1626645738196-c2a7c87a8f58?auto=format&fit=crop&w=900&q=80', true, 10),
  ('33333333-3333-3333-3333-000000000012', 'Loaded Cheese Fries', 'Fries topped with cheese sauce and herbs', 189.00, '11111111-1111-1111-1111-000000000007', 'https://images.unsplash.com/photo-1573080496219-bb080dd4f877?auto=format&fit=crop&w=900&q=80', true, 20),
  ('33333333-3333-3333-3333-000000000013', 'Chicken Nuggets', 'Bite-sized crispy chicken nuggets', 173.00, '11111111-1111-1111-1111-000000000007', 'https://images.unsplash.com/photo-1562967915-92ae0c320a01?auto=format&fit=crop&w=900&q=80', true, 30),
  ('33333333-3333-3333-3333-000000000014', 'Evercold Cola', 'Chilled cola with ice', 129.00, '11111111-1111-1111-1111-000000000003', 'https://images.unsplash.com/photo-1629203851122-3726ecdf080e?auto=format&fit=crop&w=900&q=80', true, 40),
  ('33333333-3333-3333-3333-000000000015', 'Lemon Iced Tea', 'Refreshing lemon tea served cold', 139.00, '11111111-1111-1111-1111-000000000003', 'https://images.unsplash.com/photo-1556679343-c7306c1976bc?auto=format&fit=crop&w=900&q=80', true, 50),
  ('33333333-3333-3333-3333-000000000016', 'Strawberry Shake', 'Creamy strawberry milkshake', 189.00, '11111111-1111-1111-1111-000000000003', 'https://images.unsplash.com/photo-1579954115545-a95591f28bfc?auto=format&fit=crop&w=900&q=80', true, 60),
  ('33333333-3333-3333-3333-000000000017', 'Chocolate Sundae', 'Vanilla soft serve with chocolate sauce', 149.00, '11111111-1111-1111-1111-000000000004', 'https://images.unsplash.com/photo-1563805042-7684c019e1cb?auto=format&fit=crop&w=900&q=80', true, 20),
  ('33333333-3333-3333-3333-000000000018', 'Caramel Ice Cream Cup', 'Soft serve with caramel drizzle', 129.00, '11111111-1111-1111-1111-000000000004', 'https://images.unsplash.com/photo-1488900128323-21503983a07e?auto=format&fit=crop&w=900&q=80', true, 30)
on conflict (id) do update set
  name = excluded.name,
  description = excluded.description,
  price = excluded.price,
  category_id = excluded.category_id,
  photo_url = excluded.photo_url,
  available = excluded.available,
  sort_order = excluded.sort_order;

update menu_items set photo_url = case id
  when '33333333-3333-3333-3333-000000000001' then 'https://images.unsplash.com/photo-1567188040759-fb8a883dc6d8?auto=format&fit=crop&w=900&q=80'
  when '33333333-3333-3333-3333-000000000002' then 'https://images.unsplash.com/photo-1626645738196-c2a7c87a8f58?auto=format&fit=crop&w=900&q=80'
  when '33333333-3333-3333-3333-000000000003' then 'https://images.unsplash.com/photo-1631452180519-c014fe946bc7?auto=format&fit=crop&w=900&q=80'
  when '33333333-3333-3333-3333-000000000004' then 'https://images.unsplash.com/photo-1603894584373-5ac82b2ae398?auto=format&fit=crop&w=900&q=80'
  when '33333333-3333-3333-3333-000000000005' then 'https://images.unsplash.com/photo-1589302168068-964664d93dc0?auto=format&fit=crop&w=900&q=80'
  when '33333333-3333-3333-3333-000000000006' then 'https://images.unsplash.com/photo-1627662239825-3e0ef1641886?auto=format&fit=crop&w=900&q=80'
  when '33333333-3333-3333-3333-000000000007' then 'https://images.unsplash.com/photo-1561336526-2914f13ceb36?auto=format&fit=crop&w=900&q=80'
  when '33333333-3333-3333-3333-000000000008' then 'https://images.unsplash.com/photo-1509042239860-f550ce710b93?auto=format&fit=crop&w=900&q=80'
  when '33333333-3333-3333-3333-000000000009' then 'https://images.unsplash.com/photo-1626201850123-4b2362b57427?auto=format&fit=crop&w=900&q=80'
  when '33333333-3333-3333-3333-00000000000a' then 'https://images.unsplash.com/photo-1605197161470-5d2a9af568af?auto=format&fit=crop&w=900&q=80'
  else photo_url
end
where photo_url is null
  and id between '33333333-3333-3333-3333-000000000001' and '33333333-3333-3333-3333-00000000000a';

insert into menu_item_ingredients (menu_item_id, ingredient_id, qty_used) values
  ('33333333-3333-3333-3333-00000000000b', '22222222-2222-2222-2222-000000000002', 180),
  ('33333333-3333-3333-3333-00000000000b', '22222222-2222-2222-2222-00000000000d', 1),
  ('33333333-3333-3333-3333-00000000000b', '22222222-2222-2222-2222-00000000000f', 120),
  ('33333333-3333-3333-3333-00000000000b', '22222222-2222-2222-2222-000000000010', 250),
  ('33333333-3333-3333-3333-00000000000b', '22222222-2222-2222-2222-000000000012', 20),
  ('33333333-3333-3333-3333-00000000000b', '22222222-2222-2222-2222-000000000013', 10),
  ('33333333-3333-3333-3333-00000000000c', '22222222-2222-2222-2222-000000000002', 520),
  ('33333333-3333-3333-3333-00000000000c', '22222222-2222-2222-2222-00000000000d', 4),
  ('33333333-3333-3333-3333-00000000000c', '22222222-2222-2222-2222-00000000000e', 4),
  ('33333333-3333-3333-3333-00000000000c', '22222222-2222-2222-2222-00000000000f', 400),
  ('33333333-3333-3333-3333-00000000000c', '22222222-2222-2222-2222-000000000010', 800),
  ('33333333-3333-3333-3333-00000000000d', '22222222-2222-2222-2222-000000000002', 220),
  ('33333333-3333-3333-3333-00000000000d', '22222222-2222-2222-2222-00000000000f', 150),
  ('33333333-3333-3333-3333-00000000000e', '22222222-2222-2222-2222-000000000002', 160),
  ('33333333-3333-3333-3333-00000000000e', '22222222-2222-2222-2222-00000000000d', 1),
  ('33333333-3333-3333-3333-00000000000e', '22222222-2222-2222-2222-00000000000e', 1),
  ('33333333-3333-3333-3333-00000000000e', '22222222-2222-2222-2222-000000000012', 20),
  ('33333333-3333-3333-3333-00000000000e', '22222222-2222-2222-2222-000000000013', 10),
  ('33333333-3333-3333-3333-00000000000f', '22222222-2222-2222-2222-000000000002', 150),
  ('33333333-3333-3333-3333-00000000000f', '22222222-2222-2222-2222-00000000000d', 1),
  ('33333333-3333-3333-3333-00000000000f', '22222222-2222-2222-2222-00000000000e', 1),
  ('33333333-3333-3333-3333-00000000000f', '22222222-2222-2222-2222-000000000012', 20),
  ('33333333-3333-3333-3333-000000000010', '22222222-2222-2222-2222-000000000004', 70),
  ('33333333-3333-3333-3333-000000000010', '22222222-2222-2222-2222-00000000000d', 1),
  ('33333333-3333-3333-3333-000000000010', '22222222-2222-2222-2222-00000000000e', 1),
  ('33333333-3333-3333-3333-000000000010', '22222222-2222-2222-2222-000000000012', 20),
  ('33333333-3333-3333-3333-000000000011', '22222222-2222-2222-2222-000000000002', 300),
  ('33333333-3333-3333-3333-000000000011', '22222222-2222-2222-2222-000000000007', 20),
  ('33333333-3333-3333-3333-000000000012', '22222222-2222-2222-2222-00000000000f', 180),
  ('33333333-3333-3333-3333-000000000012', '22222222-2222-2222-2222-00000000000e', 2),
  ('33333333-3333-3333-3333-000000000013', '22222222-2222-2222-2222-000000000002', 160),
  ('33333333-3333-3333-3333-000000000013', '22222222-2222-2222-2222-000000000007', 15),
  ('33333333-3333-3333-3333-000000000014', '22222222-2222-2222-2222-000000000010', 300),
  ('33333333-3333-3333-3333-000000000015', '22222222-2222-2222-2222-00000000000a', 6),
  ('33333333-3333-3333-3333-000000000015', '22222222-2222-2222-2222-000000000009', 15),
  ('33333333-3333-3333-3333-000000000016', '22222222-2222-2222-2222-000000000008', 250),
  ('33333333-3333-3333-3333-000000000016', '22222222-2222-2222-2222-000000000014', 80),
  ('33333333-3333-3333-3333-000000000016', '22222222-2222-2222-2222-000000000009', 20),
  ('33333333-3333-3333-3333-000000000017', '22222222-2222-2222-2222-000000000011', 180),
  ('33333333-3333-3333-3333-000000000017', '22222222-2222-2222-2222-000000000009', 20),
  ('33333333-3333-3333-3333-000000000018', '22222222-2222-2222-2222-000000000011', 180),
  ('33333333-3333-3333-3333-000000000018', '22222222-2222-2222-2222-000000000009', 20)
on conflict (menu_item_id, ingredient_id) do update set qty_used = excluded.qty_used;

update menu_item_ingredients set customer_removable = true
where (menu_item_id, ingredient_id) in (
  ('33333333-3333-3333-3333-000000000001', '22222222-2222-2222-2222-000000000006'),
  ('33333333-3333-3333-3333-000000000003', '22222222-2222-2222-2222-000000000006'),
  ('33333333-3333-3333-3333-000000000004', '22222222-2222-2222-2222-000000000006'),
  ('33333333-3333-3333-3333-000000000005', '22222222-2222-2222-2222-000000000006'),
  ('33333333-3333-3333-3333-00000000000b', '22222222-2222-2222-2222-000000000012'),
  ('33333333-3333-3333-3333-00000000000b', '22222222-2222-2222-2222-000000000013'),
  ('33333333-3333-3333-3333-00000000000e', '22222222-2222-2222-2222-00000000000e'),
  ('33333333-3333-3333-3333-00000000000e', '22222222-2222-2222-2222-000000000012'),
  ('33333333-3333-3333-3333-00000000000e', '22222222-2222-2222-2222-000000000013'),
  ('33333333-3333-3333-3333-00000000000f', '22222222-2222-2222-2222-00000000000e'),
  ('33333333-3333-3333-3333-00000000000f', '22222222-2222-2222-2222-000000000012'),
  ('33333333-3333-3333-3333-000000000010', '22222222-2222-2222-2222-00000000000e'),
  ('33333333-3333-3333-3333-000000000010', '22222222-2222-2222-2222-000000000012'),
  ('33333333-3333-3333-3333-000000000012', '22222222-2222-2222-2222-00000000000e')
);

insert into menu_item_variants (id, menu_item_id, name, price, sort_order, available) values
  ('55555555-5555-5555-5555-000000000007', '33333333-3333-3333-3333-00000000000b', 'Regular Combo', 507.00, 10, true),
  ('55555555-5555-5555-5555-000000000008', '33333333-3333-3333-3333-00000000000b', 'Large Drink + Large Fries', 589.00, 20, true),
  ('55555555-5555-5555-5555-000000000009', '33333333-3333-3333-3333-00000000000c', 'For 2', 959.00, 10, true),
  ('55555555-5555-5555-5555-00000000000a', '33333333-3333-3333-3333-00000000000c', 'For 4', 1499.00, 20, true),
  ('55555555-5555-5555-5555-00000000000b', '33333333-3333-3333-3333-00000000000d', 'Medium', 387.00, 10, true),
  ('55555555-5555-5555-5555-00000000000c', '33333333-3333-3333-3333-00000000000d', 'Large', 469.00, 20, true),
  ('55555555-5555-5555-5555-00000000000d', '33333333-3333-3333-3333-00000000000e', 'Single', 204.00, 10, true),
  ('55555555-5555-5555-5555-00000000000e', '33333333-3333-3333-3333-00000000000e', 'Double Chicken', 312.00, 20, true),
  ('55555555-5555-5555-5555-00000000000f', '33333333-3333-3333-3333-00000000000f', 'Single', 229.00, 10, true),
  ('55555555-5555-5555-5555-000000000010', '33333333-3333-3333-3333-00000000000f', 'Double Cheese', 329.00, 20, true),
  ('55555555-5555-5555-5555-000000000011', '33333333-3333-3333-3333-000000000010', 'Regular', 179.00, 10, true),
  ('55555555-5555-5555-5555-000000000012', '33333333-3333-3333-3333-000000000010', 'Extra Cheese', 219.00, 20, true),
  ('55555555-5555-5555-5555-000000000013', '33333333-3333-3333-3333-000000000011', '6 Pieces', 349.00, 10, true),
  ('55555555-5555-5555-5555-000000000014', '33333333-3333-3333-3333-000000000011', '9 Pieces', 469.00, 20, true),
  ('55555555-5555-5555-5555-000000000015', '33333333-3333-3333-3333-000000000012', 'Regular', 189.00, 10, true),
  ('55555555-5555-5555-5555-000000000016', '33333333-3333-3333-3333-000000000012', 'Large', 239.00, 20, true),
  ('55555555-5555-5555-5555-000000000017', '33333333-3333-3333-3333-000000000013', '6 Pieces', 129.00, 10, true),
  ('55555555-5555-5555-5555-000000000018', '33333333-3333-3333-3333-000000000013', '9 Pieces', 173.00, 20, true),
  ('55555555-5555-5555-5555-000000000019', '33333333-3333-3333-3333-000000000014', '300 ml', 129.00, 10, true),
  ('55555555-5555-5555-5555-00000000001a', '33333333-3333-3333-3333-000000000014', '500 ml', 173.00, 20, true),
  ('55555555-5555-5555-5555-00000000001b', '33333333-3333-3333-3333-000000000015', '300 ml', 139.00, 10, true),
  ('55555555-5555-5555-5555-00000000001c', '33333333-3333-3333-3333-000000000015', '500 ml', 173.00, 20, true),
  ('55555555-5555-5555-5555-00000000001d', '33333333-3333-3333-3333-000000000016', 'Regular', 189.00, 10, true),
  ('55555555-5555-5555-5555-00000000001e', '33333333-3333-3333-3333-000000000016', 'Large', 239.00, 20, true),
  ('55555555-5555-5555-5555-00000000001f', '33333333-3333-3333-3333-000000000017', 'Regular', 149.00, 10, true),
  ('55555555-5555-5555-5555-000000000020', '33333333-3333-3333-3333-000000000017', 'Extra Sauce', 179.00, 20, true),
  ('55555555-5555-5555-5555-000000000021', '33333333-3333-3333-3333-000000000018', 'Regular', 129.00, 10, true),
  ('55555555-5555-5555-5555-000000000022', '33333333-3333-3333-3333-000000000018', 'Large', 169.00, 20, true)
on conflict (id) do update set
  menu_item_id = excluded.menu_item_id,
  name = excluded.name,
  price = excluded.price,
  sort_order = excluded.sort_order,
  available = excluded.available;
